time;MathematicaGBN.dump.rcv_Pkt:vector
9.795874504565;1
18.795874504565;2
25.795874504565;3
30.795874504565;4
40.795874504565;5
45.795874504565;6
67.795874504565;7
100.795874504565;8
104.795874504565;9
142.795874504565;10
150.795874504565;11
175.795874504565;12
176.795874504565;13
177.795874504565;14
178.795874504565;15
195.795874504565;16
210.795874504565;17
230.795874504565;18
246.795874504565;19
273.795874504565;20
288.795874504565;21
300.795874504565;22
301.795874504565;23
329.795874504565;24
336.795874504565;25
341.795874504565;26
344.795874504565;27
358.795874504565;28
360.795874504565;29
361.795874504565;30
370.795874504565;31
397.795874504565;32
443.795874504565;33
471.795874504565;34
482.795874504565;35
486.795874504565;36
491.795874504565;37
502.795874504565;38
503.795874504565;39
528.795874504565;40
530.795874504565;41
538.795874504565;42
541.795874504565;43
544.795874504565;44
549.795874504565;45
593.795874504565;46
594.795874504565;47
596.795874504565;48
597.795874504565;49
607.795874504565;50
609.795874504565;51
615.795874504565;52
617.795874504565;53
618.795874504565;54
630.795874504565;55
653.795874504565;56
654.795874504565;57
668.795874504565;58
678.795874504565;59
679.795874504565;60
697.795874504565;61
698.795874504565;62
735.795874504565;63
741.795874504565;64
778.795874504565;65
787.795874504565;66
800.795874504565;67
801.795874504565;68
804.795874504565;69
805.795874504565;70
808.795874504565;71
809.795874504565;72
812.795874504565;73
817.795874504565;74
818.795874504565;75
829.795874504565;76
837.795874504565;77
840.795874504565;78
847.795874504565;79
848.795874504565;80
856.795874504565;81
882.795874504565;82
885.795874504565;83
896.795874504565;84
908.795874504565;85
911.795874504565;86
913.795874504565;87
921.795874504565;88
922.795874504565;89
923.795874504565;90
934.795874504565;91
937.795874504565;92
950.795874504565;93
982.795874504565;94
984.795874504565;95
1008.795874504565;96
1016.795874504565;97
1064.795874504565;98
1066.795874504565;99
1096.795874504565;100
1101.795874504565;101
1119.795874504565;102
1122.795874504565;103
1138.795874504565;104
1143.795874504565;105
1164.795874504565;106
1201.795874504565;107
1222.795874504565;108
1230.795874504565;109
1240.795874504565;110
1261.795874504565;111
1263.795874504565;112
1268.795874504565;113
1277.795874504565;114
1283.795874504565;115
1289.795874504565;116
1301.795874504565;117
1304.795874504565;118
1308.795874504565;119
1321.795874504565;120
1342.795874504565;121
1343.795874504565;122
1344.795874504565;123
1348.795874504565;124
1356.795874504565;125
1366.795874504565;126
1369.795874504565;127
1371.795874504565;128
1396.795874504565;129
1397.795874504565;130
1419.795874504565;131
1435.795874504565;132
1440.795874504565;133
1441.795874504565;134
1445.795874504565;135
1451.795874504565;136
1469.795874504565;137
1492.795874504565;138
1493.795874504565;139
1500.795874504565;140
1501.795874504565;141
1551.795874504565;142
1571.795874504565;143
1576.795874504565;144
1577.795874504565;145
1578.795874504565;146
1618.795874504565;147
1622.795874504565;148
1627.795874504565;149
1628.795874504565;150
1665.795874504565;151
1684.795874504565;152
1685.795874504565;153
1686.795874504565;154
1693.795874504565;155
1695.795874504565;156
1696.795874504565;157
1711.795874504565;158
1731.795874504565;159
1759.795874504565;160
1768.795874504565;161
1777.795874504565;162
1792.795874504565;163
1798.795874504565;164
1799.795874504565;165
1811.795874504565;166
1859.795874504565;167
1862.795874504565;168
1903.795874504565;169
1922.795874504565;170
1935.795874504565;171
2009.795874504565;172
2017.795874504565;173
2019.795874504565;174
2021.795874504565;175
2023.795874504565;176
2029.795874504565;177
2064.795874504565;178
2075.795874504565;179
2076.795874504565;180
2077.795874504565;181
2083.795874504565;182
2220.795874504565;183
2257.795874504565;184
2282.795874504565;185
2289.795874504565;186
2308.795874504565;187
2321.795874504565;188
2327.795874504565;189
2338.795874504565;190
2347.795874504565;191
2359.795874504565;192
2361.795874504565;193
2371.795874504565;194
2372.795874504565;195
2374.795874504565;196
2395.795874504565;197
2418.795874504565;198
2428.795874504565;199
2431.795874504565;200
2438.795874504565;201
2448.795874504565;202
2451.795874504565;203
2482.795874504565;204
2503.795874504565;205
2514.795874504565;206
2520.795874504565;207
2526.795874504565;208
2541.795874504565;209
2554.795874504565;210
2557.795874504565;211
2588.795874504565;212
2594.795874504565;213
2632.795874504565;214
2633.795874504565;215
2646.795874504565;216
2670.795874504565;217
2672.795874504565;218
2674.795874504565;219
2690.795874504565;220
2703.795874504565;221
2714.795874504565;222
2717.795874504565;223
2718.795874504565;224
2730.795874504565;225
2736.795874504565;226
2754.795874504565;227
2756.795874504565;228
2757.795874504565;229
2758.795874504565;230
2770.795874504565;231
2784.795874504565;232
2801.795874504565;233
2803.795874504565;234
2816.795874504565;235
2829.795874504565;236
2861.795874504565;237
2864.795874504565;238
2866.795874504565;239
2867.795874504565;240
2875.795874504565;241
2876.795874504565;242
2893.795874504565;243
2934.795874504565;244
2946.795874504565;245
2948.795874504565;246
2955.795874504565;247
2963.795874504565;248
2978.795874504565;249
2982.795874504565;250
3014.795874504565;251
3016.795874504565;252
3045.795874504565;253
3117.795874504565;254
3133.795874504565;255
3142.795874504565;256
3145.795874504565;257
3163.795874504565;258
3172.795874504565;259
3173.795874504565;260
3177.795874504565;261
3178.795874504565;262
3218.795874504565;263
3256.795874504565;264
3280.795874504565;265
3284.795874504565;266
3285.795874504565;267
3302.795874504565;268
3304.795874504565;269
3311.795874504565;270
3313.795874504565;271
3314.795874504565;272
3333.795874504565;273
3369.795874504565;274
3456.795874504565;275
3479.795874504565;276
3493.795874504565;277
3498.795874504565;278
3501.795874504565;279
3515.795874504565;280
3518.795874504565;281
3548.795874504565;282
3549.795874504565;283
3563.795874504565;284
3578.795874504565;285
3579.795874504565;286
3580.795874504565;287
3591.795874504565;288
3593.795874504565;289
3598.795874504565;290
3606.795874504565;291
3625.795874504565;292
3637.795874504565;293
3640.795874504565;294
3641.795874504565;295
3642.795874504565;296
3645.795874504565;297
3648.795874504565;298
3654.795874504565;299
3665.795874504565;300
3676.795874504565;301
3679.795874504565;302
3683.795874504565;303
3684.795874504565;304
3753.795874504565;305
3754.795874504565;306
3765.795874504565;307
3780.795874504565;308
3795.795874504565;309
3798.795874504565;310
3802.795874504565;311
3810.795874504565;312
3813.795874504565;313
3814.795874504565;314
3829.795874504565;315
3830.795874504565;316
3846.795874504565;317
3847.795874504565;318
3872.795874504565;319
3886.795874504565;320
3894.795874504565;321
3895.795874504565;322
3902.795874504565;323
3907.795874504565;324
3914.795874504565;325
3921.795874504565;326
3932.795874504565;327
3935.795874504565;328
3938.795874504565;329
3969.795874504565;330
3971.795874504565;331
3994.795874504565;332
4001.795874504565;333
4007.795874504565;334
4013.795874504565;335
4025.795874504565;336
4030.795874504565;337
4053.795874504565;338
4064.795874504565;339
4076.795874504565;340
4079.795874504565;341
4093.795874504565;342
4103.795874504565;343
4105.795874504565;344
4106.795874504565;345
4121.795874504565;346
4152.795874504565;347
4172.795874504565;348
4180.795874504565;349
4181.795874504565;350
4198.795874504565;351
4221.795874504565;352
4237.795874504565;353
4238.795874504565;354
4247.795874504565;355
4252.795874504565;356
4307.795874504565;357
4309.795874504565;358
4377.795874504565;359
4378.795874504565;360
4444.795874504565;361
4448.795874504565;362
4452.795874504565;363
4453.795874504565;364
4455.795874504565;365
4481.795874504565;366
4482.795874504565;367
4511.795874504565;368
4531.795874504565;369
4537.795874504565;370
4540.795874504565;371
4542.795874504565;372
4551.795874504565;373
4552.795874504565;374
4553.795874504565;375
4558.795874504565;376
4559.795874504565;377
4561.795874504565;378
4563.795874504565;379
4577.795874504565;380
4581.795874504565;381
4587.795874504565;382
4626.795874504565;383
4628.795874504565;384
4632.795874504565;385
4635.795874504565;386
4652.795874504565;387
4668.795874504565;388
4678.795874504565;389
4682.795874504565;390
4685.795874504565;391
4688.795874504565;392
4690.795874504565;393
4694.795874504565;394
4704.795874504565;395
4730.795874504565;396
4749.795874504565;397
4755.795874504565;398
4760.795874504565;399
4777.795874504565;400
4790.795874504565;401
4834.795874504565;402
4868.795874504565;403
4881.795874504565;404
4886.795874504565;405
4899.795874504565;406
4904.795874504565;407
4931.795874504565;408
4945.795874504565;409
4949.795874504565;410
4960.795874504565;411
4982.795874504565;412
4983.795874504565;413
4985.795874504565;414
4986.795874504565;415
5016.795874504565;416
5018.795874504565;417
5029.795874504565;418
5030.795874504565;419
5043.795874504565;420
5090.795874504565;421
5096.795874504565;422
5100.795874504565;423
5113.795874504565;424
5115.795874504565;425
5116.795874504565;426
5121.795874504565;427
5145.795874504565;428
5163.795874504565;429
5165.795874504565;430
5205.795874504565;431
5233.795874504565;432
5273.795874504565;433
5293.795874504565;434
5321.795874504565;435
5334.795874504565;436
5346.795874504565;437
5380.795874504565;438
5431.795874504565;439
5437.795874504565;440
5438.795874504565;441
5441.795874504565;442
5442.795874504565;443
5447.795874504565;444
5448.795874504565;445
5457.795874504565;446
5461.795874504565;447
5483.795874504565;448
5517.795874504565;449
5524.795874504565;450
5538.795874504565;451
5546.795874504565;452
5568.795874504565;453
5573.795874504565;454
5581.795874504565;455
5587.795874504565;456
5592.795874504565;457
5594.795874504565;458
5601.795874504565;459
5604.795874504565;460
5608.795874504565;461
5621.795874504565;462
5625.795874504565;463
5680.795874504565;464
5681.795874504565;465
5685.795874504565;466
5707.795874504565;467
5714.795874504565;468
5727.795874504565;469
5738.795874504565;470
5747.795874504565;471
5759.795874504565;472
5761.795874504565;473
5765.795874504565;474
5776.795874504565;475
5797.795874504565;476
5818.795874504565;477
5837.795874504565;478
5863.795874504565;479
5869.795874504565;480
5876.795874504565;481
5901.795874504565;482
5902.795874504565;483
5907.795874504565;484
5908.795874504565;485
5912.795874504565;486
5921.795874504565;487
5930.795874504565;488
5932.795874504565;489
5933.795874504565;490
5941.795874504565;491
5948.795874504565;492
5977.795874504565;493
5978.795874504565;494
5998.795874504565;495
6006.795874504565;496
6038.795874504565;497
6039.795874504565;498
6050.795874504565;499
6066.795874504565;500
6073.795874504565;501
6096.795874504565;502
6111.795874504565;503
6208.795874504565;504
6255.795874504565;505
6266.795874504565;506
6272.795874504565;507
6279.795874504565;508
6300.795874504565;509
6303.795874504565;510
6322.795874504565;511
6331.795874504565;512
6356.795874504565;513
6363.795874504565;514
6388.795874504565;515
6391.795874504565;516
6392.795874504565;517
6393.795874504565;518
6429.795874504565;519
6459.795874504565;520
6462.795874504565;521
6463.795874504565;522
6472.795874504565;523
6474.795874504565;524
6475.795874504565;525
6485.795874504565;526
6490.795874504565;527
6491.795874504565;528
6516.795874504565;529
6518.795874504565;530
6519.795874504565;531
6545.795874504565;532
6546.795874504565;533
6569.795874504565;534
6652.795874504565;535
6674.795874504565;536
6685.795874504565;537
6692.795874504565;538
6695.795874504565;539
6756.795874504565;540
6760.795874504565;541
6766.795874504565;542
6770.795874504565;543
6808.795874504565;544
6809.795874504565;545
6812.795874504565;546
6844.795874504565;547
6845.795874504565;548
6854.795874504565;549
6860.795874504565;550
6863.795874504565;551
6865.795874504565;552
6872.795874504565;553
6876.795874504565;554
6892.795874504565;555
6896.795874504565;556
6931.795874504565;557
6938.795874504565;558
6939.795874504565;559
6943.795874504565;560
6951.795874504565;561
6961.795874504565;562
6966.795874504565;563
7038.795874504565;564
7042.795874504565;565
7100.795874504565;566
7103.795874504565;567
7104.795874504565;568
7116.795874504565;569
7117.795874504565;570
7118.795874504565;571
7127.795874504565;572
7132.795874504565;573
7139.795874504565;574
7153.795874504565;575
7184.795874504565;576
7185.795874504565;577
7186.795874504565;578
7194.795874504565;579
7222.795874504565;580
7231.795874504565;581
7236.795874504565;582
7238.795874504565;583
7252.795874504565;584
7281.795874504565;585
7290.795874504565;586
7294.795874504565;587
7295.795874504565;588
7314.795874504565;589
7315.795874504565;590
7321.795874504565;591
7322.795874504565;592
7328.795874504565;593
7367.795874504565;594
7368.795874504565;595
7374.795874504565;596
7380.795874504565;597
7382.795874504565;598
7383.795874504565;599
7384.795874504565;600
7403.795874504565;601
7408.795874504565;602
7412.795874504565;603
7418.795874504565;604
7422.795874504565;605
7432.795874504565;606
7441.795874504565;607
7453.795874504565;608
7460.795874504565;609
7461.795874504565;610
7475.795874504565;611
7523.795874504565;612
7535.795874504565;613
7543.795874504565;614
7548.795874504565;615
7573.795874504565;616
7574.795874504565;617
7617.795874504565;618
7618.795874504565;619
7640.795874504565;620
7669.795874504565;621
7676.795874504565;622
7691.795874504565;623
7739.795874504565;624
7743.795874504565;625
7761.795874504565;626
7775.795874504565;627
7787.795874504565;628
7797.795874504565;629
7800.795874504565;630
7807.795874504565;631
7810.795874504565;632
7821.795874504565;633
7822.795874504565;634
7823.795874504565;635
7830.795874504565;636
7832.795874504565;637
7836.795874504565;638
7837.795874504565;639
7861.795874504565;640
7867.795874504565;641
7869.795874504565;642
7874.795874504565;643
7881.795874504565;644
7885.795874504565;645
7900.795874504565;646
7913.795874504565;647
7939.795874504565;648
7940.795874504565;649
7962.795874504565;650
7966.795874504565;651
7987.795874504565;652
7998.795874504565;653
8041.795874504565;654
8063.795874504565;655
8073.795874504565;656
8090.795874504565;657
8093.795874504565;658
8099.795874504565;659
8110.795874504565;660
8113.795874504565;661
8120.795874504565;662
8121.795874504565;663
8122.795874504565;664
8123.795874504565;665
8158.795874504565;666
8170.795874504565;667
8181.795874504565;668
8190.795874504565;669
8191.795874504565;670
8212.795874504565;671
8224.795874504565;672
8257.795874504565;673
8264.795874504565;674
8282.795874504565;675
8287.795874504565;676
8290.795874504565;677
8310.795874504565;678
8314.795874504565;679
8315.795874504565;680
8317.795874504565;681
8320.795874504565;682
8339.795874504565;683
8356.795874504565;684
8361.795874504565;685
8365.795874504565;686
8386.795874504565;687
8415.795874504565;688
8463.795874504565;689
8467.795874504565;690
8500.795874504565;691
8515.795874504565;692
8526.795874504565;693
8528.795874504565;694
8530.795874504565;695
8531.795874504565;696
8556.795874504565;697
8559.795874504565;698
8565.795874504565;699
8571.795874504565;700
8586.795874504565;701
8604.795874504565;702
8605.795874504565;703
8610.795874504565;704
8628.795874504565;705
8645.795874504565;706
8646.795874504565;707
8661.795874504565;708
8663.795874504565;709
8664.795874504565;710
8665.795874504565;711
8673.795874504565;712
8675.795874504565;713
8684.795874504565;714
8721.795874504565;715
8747.795874504565;716
8751.795874504565;717
8753.795874504565;718
8763.795874504565;719
8769.795874504565;720
8781.795874504565;721
8791.795874504565;722
8796.795874504565;723
8800.795874504565;724
8816.795874504565;725
8828.795874504565;726
8858.795874504565;727
8862.795874504565;728
8884.795874504565;729
8898.795874504565;730
8915.795874504565;731
8924.795874504565;732
8927.795874504565;733
8947.795874504565;734
8948.795874504565;735
8950.795874504565;736
8952.795874504565;737
8957.795874504565;738
8990.795874504565;739
8997.795874504565;740
9003.795874504565;741
9004.795874504565;742
9009.795874504565;743
9010.795874504565;744
9012.795874504565;745
9038.795874504565;746
9040.795874504565;747
9059.795874504565;748
9075.795874504565;749
9086.795874504565;750
9095.795874504565;751
9096.795874504565;752
9109.795874504565;753
9145.795874504565;754
9161.795874504565;755
9167.795874504565;756
9191.795874504565;757
9192.795874504565;758
9210.795874504565;759
9222.795874504565;760
9227.795874504565;761
9228.795874504565;762
9229.795874504565;763
9236.795874504565;764
9244.795874504565;765
9257.795874504565;766
9262.795874504565;767
9266.795874504565;768
9273.795874504565;769
9335.795874504565;770
9355.795874504565;771
9382.795874504565;772
9407.795874504565;773
9419.795874504565;774
9420.795874504565;775
9426.795874504565;776
9427.795874504565;777
9431.795874504565;778
9458.795874504565;779
9483.795874504565;780
9486.795874504565;781
9490.795874504565;782
9499.795874504565;783
9532.795874504565;784
9533.795874504565;785
9535.795874504565;786
9555.795874504565;787
9569.795874504565;788
9576.795874504565;789
9579.795874504565;790
9594.795874504565;791
9597.795874504565;792
9621.795874504565;793
9623.795874504565;794
9631.795874504565;795
9646.795874504565;796
9661.795874504565;797
9672.795874504565;798
9685.795874504565;799
9686.795874504565;800
9703.795874504565;801
9708.795874504565;802
9716.795874504565;803
9725.795874504565;804
9731.795874504565;805
9751.795874504565;806
9760.795874504565;807
9765.795874504565;808
9770.795874504565;809
9774.795874504565;810
9776.795874504565;811
9777.795874504565;812
9797.795874504565;813
9852.795874504565;814
9858.795874504565;815
9862.795874504565;816
9874.795874504565;817
9875.795874504565;818
9876.795874504565;819
9877.795874504565;820
9893.795874504565;821
9901.795874504565;822
9905.795874504565;823
9909.795874504565;824
9937.795874504565;825
9944.795874504565;826
9950.795874504565;827
9973.795874504565;828
9981.795874504565;829
10027.795874504565;830
10039.795874504565;831
10040.795874504565;832
10053.795874504565;833
10062.795874504565;834
10063.795874504565;835
10067.795874504565;836
10068.795874504565;837
10074.795874504565;838
10112.795874504565;839
10115.795874504565;840
10116.795874504565;841
10120.795874504565;842
10136.795874504565;843
10137.795874504565;844
10139.795874504565;845
10140.795874504565;846
10152.795874504565;847
10157.795874504565;848
10160.795874504565;849
10172.795874504565;850
10176.795874504565;851
10189.795874504565;852
10201.795874504565;853
10237.795874504565;854
10240.795874504565;855
10241.795874504565;856
10245.795874504565;857
10251.795874504565;858
10284.795874504565;859
10303.795874504565;860
10325.795874504565;861
10327.795874504565;862
10352.795874504565;863
10353.795874504565;864
10359.795874504565;865
10362.795874504565;866
10368.795874504565;867
10381.795874504565;868
10382.795874504565;869
10437.795874504565;870
10450.795874504565;871
10451.795874504565;872
10478.795874504565;873
10482.795874504565;874
10485.795874504565;875
10488.795874504565;876
10496.795874504565;877
10497.795874504565;878
10509.795874504565;879
10521.795874504565;880
10541.795874504565;881
10558.795874504565;882
10560.795874504565;883
10574.795874504565;884
10575.795874504565;885
10578.795874504565;886
10580.795874504565;887
10587.795874504565;888
10600.795874504565;889
10601.795874504565;890
10642.795874504565;891
10669.795874504565;892
10671.795874504565;893
10682.795874504565;894
10707.795874504565;895
10711.795874504565;896
10737.795874504565;897
10738.795874504565;898
10739.795874504565;899
10773.795874504565;900
10775.795874504565;901
10805.795874504565;902
10813.795874504565;903
10814.795874504565;904
10817.795874504565;905
10823.795874504565;906
10824.795874504565;907
10829.795874504565;908
10835.795874504565;909
10850.795874504565;910
10863.795874504565;911
10865.795874504565;912
10874.795874504565;913
10884.795874504565;914
10913.795874504565;915
10928.795874504565;916
10946.795874504565;917
10952.795874504565;918
10954.795874504565;919
11008.795874504565;920
11009.795874504565;921
11015.795874504565;922
11016.795874504565;923
11044.795874504565;924
11077.795874504565;925
11089.795874504565;926
11093.795874504565;927
11095.795874504565;928
11098.795874504565;929
11099.795874504565;930
11106.795874504565;931
11107.795874504565;932
11110.795874504565;933
11141.795874504565;934
11154.795874504565;935
11155.795874504565;936
11160.795874504565;937
11170.795874504565;938
11189.795874504565;939
11195.795874504565;940
11267.795874504565;941
11270.795874504565;942
11285.795874504565;943
11291.795874504565;944
11293.795874504565;945
11310.795874504565;946
11312.795874504565;947
11315.795874504565;948
11330.795874504565;949
11342.795874504565;950
11343.795874504565;951
11348.795874504565;952
11349.795874504565;953
11356.795874504565;954
11357.795874504565;955
11392.795874504565;956
11425.795874504565;957
11488.795874504565;958
11489.795874504565;959
11513.795874504565;960
11516.795874504565;961
11518.795874504565;962
11529.795874504565;963
11530.795874504565;964
11533.795874504565;965
11569.795874504565;966
11582.795874504565;967
11591.795874504565;968
11596.795874504565;969
11602.795874504565;970
11604.795874504565;971
11665.795874504565;972
11674.795874504565;973
11678.795874504565;974
11703.795874504565;975
11705.795874504565;976
11706.795874504565;977
11721.795874504565;978
11757.795874504565;979
11758.795874504565;980
11761.795874504565;981
11768.795874504565;982
11780.795874504565;983
11811.795874504565;984
11812.795874504565;985
11816.795874504565;986
11842.795874504565;987
11843.795874504565;988
11885.795874504565;989
11900.795874504565;990
11907.795874504565;991
11908.795874504565;992
11914.795874504565;993
11919.795874504565;994
11921.795874504565;995
11935.795874504565;996
11939.795874504565;997
11940.795874504565;998
11945.795874504565;999
11948.795874504565;1000
